페이지,ID,테스트 항목,테스트 시나리오,기대 결과,실제 결과,상태 (Pass/Fail),비고,
통계정보,,통계정보,1.상단의 네비게이션에서 통계정보 클릭,통계정보 페이지로 이동,,PASS,,
통계정보,,날짜검색,"1. 날짜검색 부분에 시작일과 종료일을 입력한다. 
2. 적용버튼 클릭",해당 날짜로 데이터가 필터링 된다.,,PASS,,
통계정보,,날짜검색 초기화,1. 초기화 버튼 클릭,날짜가 기본값으로 변경 된다.,,,,
통계정보,,위젯추가,"1. 편집 버튼 클릭 
2. 위젯목록 클릭 
3. 항목 클릭 (아이콘, 배경색이 회색으로 변경된다.)
4. 적용 버튼 클릭",위젯이 화면에 추가된다.,,PASS,,
통계정보,,위젯 제거,"1. 편집 버튼 클릭 
2. 위젯목록 클릭 
3. 항목 클릭 (아이콘, 배경색이 흰색으로 변경된다.)
4. 적용 버튼 클릭",위젯이 화면에 제거된다.,,PASS,,
통계정보,,초기화,"1. 편집 버튼 클릭 
2. 제일 우측의 되돌리기 아이콘 버튼 클릭",위젯 세팅이 기본값이 된다.,,PASS,,
통계정보,,위젯 배치,"1. 편집 버튼 클릭 
2. 화면에 추가되어있는 위젯을 클릭한채로 이동 시킨다.",위젯의 배치가 이동된다.,,PASS,,
통계정보,,위젯 크기조절,"1. 편집 버튼 클릭 
2. 화면에 추가되어있는 위젯의 우측 하단에 모서리를 클릭하여 크기를 조절한다.",위젯의 크기가 변경된다.,,PASS,,
통계정보,,월별 사이트별 품질비용,,,,PASS,,
통계정보,,사이트 선택,"1. 사이트 선택 클릭 
2. 사이트를 선택한다.",선택된 사이트가 그래프에 표시된다.,,,,
통계정보,,다운로드,"1.막대기 세개 아이콘 클릭 
2. download svg, png, csv 클릭",선택된 항목의 파일형식으로 다운로드 된다.,,,,
통계정보,,확대,"1. 위젯에 마우스 커서를 올린다. 
2. 마우스휠을 굴린다. 
3. 또는 + 버튼 클릭",그래프가 확대된다.,,,,
통계정보,,슬라이드,1 <> 버튼으로 다른 사이트의 그래프를 확인,사이트별로 구분된다.,,,,
통계정보,,라벨선택,"1. as비용, 운영손실 라벨 클릭",선택된 항목이 그래프에서 빠지거나 추가 된다.,,,,
통계정보,,시스템별 이슈 빈도,,,,PASS,,
통계정보,,사이트 선택,"1. 사이트 선택 클릭 
2. 사이트를 선택한다.",선택된 사이트가 그래프에 표시된다.,,,,
통계정보,,다운로드,"1.막대기 세개 아이콘 클릭 
2. download svg, png, csv 클릭",선택된 항목의 파일형식으로 다운로드 된다.,,,,
통계정보,,항목 필터링,"1. 라벨 클릭 
2. 이슈 목록으로 이동 ",클릭한 시스템 항목으로 이슈목록이 필터림된다.,,,,
통계정보,,최근 해결된 이슈 목록,,,,PASS,,
통계정보,,검색,1. 검색어 입력칸에 검색어 입력,입력한 검색어로 목록이 필터링 된다.,,,,
통계정보,,다운로드,"1.막대기 세개 아이콘 클릭 
2. download csv 클릭",선택된 항목의 파일형식으로 다운로드 된다.,,,,
통계정보,,이슈목록 이동,1. 목록에서 항목(행) 클릭,해당 항목의 이슈 상세정보 페이지로 이동,,,,
통계정보,,미해결 이슈 목록,,,,PASS,,
통계정보,,이슈 이동,1. 목록에서 항목(행) 클릭,해당 항목의 이슈 상세정보 페이지로 이동,,,,
통계정보,,검색,1. 검색어 입력란에 검색어를 입력한다.,검색어로 목록이 필터링 된다.,,,,
통계정보,,툴팁,1. 목록에서 항목의 각각 열에 해당하는 곳에 마우스 커서를 올린다.,해당 정보의 툴팁이 표시된다.,,,,
통계정보,,csv 다운로드,"1. 막대 세개 아이콘을 클릭 
2. download csv 버튼 클릭",목록이 csv 파일로 다운로드 된다.,,,,
통계정보,,사이트위치 지도,,,,PASS,,
통계정보,,사이트 정보,1. 지도 에서 마커 아이콘을 클릭 ,사이트 정보가 표시된다.,,,,
통계정보,,사이트 이슈,"1. 지도 에서 마커 아이콘을 클릭 
2. 이슈정보 탭 클릭","이슈정보가 표시된다,.",,,,
통계정보,,사이트 점검,"1. 지도 에서 마커 아이콘을 클릭 
2. 점검정보 탭 클릭",점검정보가 표시된다.,,,,
통계정보,,전체화면,1. 지도의 우측 상단의 전체화면 버튼 클릭,지도가 전체화면이 된다.,,,,
통계정보,,스타일 변경,"1. 지도, 위성 버튼 클릭",선택한 스타일에따라 지도가 변경된다.,,,,
통계정보,,지도 확대/축소,"1. 지도에 마우스커서를 올린다.
2. ctrl + 마우스휠을 움직인다.",지도가 확대 축소 된다.,,,,
통계정보,,시스템별 이슈 빈도 트리맵,,,,PASS,,
통계정보,,사이트 선택,"1. 사이트 선택 클릭 
2. 사이트를 선택한다.",선택된 사이트의 데이터로 그래프가 그려진다..,,,,
통계정보,,다운로드,"1.막대기 세개 아이콘 클릭 
2. download svg, png, csv 클릭",선택된 항목의 파일형식으로 다운로드 된다.,,,,
통계정보,,항목 필터링,"1. 라벨 클릭 
2. 이슈 목록으로 이동 ",클릭한 시스템 항목으로 이슈목록이 필터림된다.,,,,
통계정보,,캘린더,,,,PASS,,
통계정보,,주기 카테고리,"1. 년도, 연간, 월간, 주간, 일간 카테고리를 선택한다.",해당 항목에 맞는 달력이 표시된다.,,,,수정 완료
통계정보,,"이전, 다음 버튼",1. 좌우 화살표를 선택한다.,"이전, 다음 버튼에 의해 이전 달력과 다음 달력을 보여준다.",,,,
통계정보,,사이트별 날씨정보,,,,PASS,,
통계정보,,사이트 선택,"1. 사이트 선택 클릭 
2. 사이트를 선택한다.",선택된 사이트의 위치정보로 날씨정보가 변경된다.,,,,
통계정보,,확대,"1. 위젯에 마우스 커서를 올린다. 
2. 마우스휠을 굴린다. ",그래프가 확대된다.,,,,
통계정보,,축소,"1. 위젯에 마우스 커서를 올린다. 
2. 마우스휠을 굴린다. ",그래프가 확대된다.,,,,수정 완료(zip기능 추가)
통계정보,,라벨선택,"1. 온도, 강수량, 습도 라벨 클릭",선택된 항목이 그래프에서 빠지거나 추가 된다.,,,,수정 완료
통계정보,,공지사항,,,,PASS,,수정 완료(zip기능 추가)
통계정보,,공지사항 이동,1. 목록에서 항목(행) 클릭,해당 항목의 공지사항 상세정보 페이지로 이동,,,,
통계정보,,할일 목록,,,,PASS,,
통계정보,,작업 이동,1. 목록에서 항목(행) 클릭,클릭한 항목에대한 상세정보 페이지로 이동된다.,,,,개발 완료
통계정보,,이슈 조치기간 top7,,,,PASS,,
통계정보,,다운로드,"1.막대기 세개 아이콘 클릭 
2. download svg, png, csv 클릭",선택된 항목의 파일형식으로 다운로드 된다.,,,,
통계정보,,사이트 선택,"1. 사이트 선택 클릭 
2. 사이트를 선택한다.",선택된 사이트의 위치정보로 날씨정보가 변경된다.,,,,
통계정보,,top7,1. top7 버튼 클릭,top7 데이터로 그래프가 그려진다.,,,,
통계정보,,row7,1. row7 버튼 클릭,row7 데이터로 그래프가 그려진다.,,,,
통계정보,,점검 목록,,,,,,
통계정보,,점검 이동,1. 목록에서 항목(행) 클릭,해당 항목의 점검 상세정보 페이지로 이동,,,,
통계정보,,사이트별이슈빈도,,,,,,
통계정보,,사이트 선택,"1. 사이트 선택 클릭 
2. 사이트를 선택한다.",선택된 사이트가 그래프에 표시된다.,,,,
통계정보,,다운로드,"1.막대기 세개 아이콘 클릭 
2. download svg, png, csv 클릭",선택된 항목의 파일형식으로 다운로드 된다.,,,,
통계정보,,항목 필터링,"1. 라벨 클릭 
2. 이슈 목록으로 이동 ",클릭한 사이트로 이슈목록이 필터림된다.,,,,
통계정보,,이슈조치 고비용 top7,,,,,,
통계정보,,다운로드,"1.막대기 세개 아이콘 클릭 
2. download svg, png, csv 클릭",선택된 항목의 파일형식으로 다운로드 된다.,,,,
통계정보,,사이트 선택,"1. 사이트 선택 클릭 
2. 사이트를 선택한다.",선택된 사이트의 위치정보로 날씨정보가 변경된다.,,,,
통계정보,,조치기간별 이슈빈도,,,,,,
통계정보,,사이트 선택,"1. 사이트 선택 클릭 
2. 사이트를 선택한다.",선택된 사이트가 그래프에 표시된다.,,,,
통계정보,,다운로드,"1.막대기 세개 아이콘 클릭 
2. download svg, png, csv 클릭",선택된 항목의 파일형식으로 다운로드 된다.,,,,
통계정보,,사이트별 점검 누적 소요시간,,,,,,
통계정보,,다운로드,"1.막대기 세개 아이콘 클릭 
2. download svg, png, csv 클릭",선택된 항목의 파일형식으로 다운로드 된다.,,,,
통계정보,,사이트 선택,"1. 사이트 선택 클릭 
2. 사이트를 선택한다.",선택된 사이트의 위치정보로 날씨정보가 변경된다.,,,,
통계정보,,사이트별 점검빈도,,,,,,
통계정보,,사이트 선택,"1. 사이트 선택 클릭 
2. 사이트를 선택한다.",선택된 사이트가 그래프에 표시된다.,,,,
통계정보,,다운로드,"1.막대기 세개 아이콘 클릭 
2. download svg, png, csv 클릭",선택된 항목의 파일형식으로 다운로드 된다.,,,,
통계정보,,월별 사이트별 품질/점검비용,,,,PASS,,
,,사이트 선택,"1. 사이트 선택 클릭 
2. 사이트를 선택한다.",선택된 사이트가 그래프에 표시된다.,,,,
,,다운로드,"1.막대기 세개 아이콘 클릭 
2. download svg, png, csv 클릭",선택된 항목의 파일형식으로 다운로드 된다.,,,,
,,확대,"1. 위젯에 마우스 커서를 올린다. 
2. 마우스휠을 굴린다. 
3. 또는 + 버튼 클릭",그래프가 확대된다.,,,,
,,슬라이드,1 <> 버튼으로 다른 사이트의 그래프를 확인,사이트별로 구분된다.,,,,
,,라벨선택,"1. as비용, 운영손실, 점검 비용 라벨 클릭",선택된 항목이 그래프에서 빠지거나 추가 된다.,,,,
대시보드,,공지사항,"1. 로그인한다.
2. 대시보드 > 공지사항 화면으로 이동한다.
3. 등록된 공지사항이 표시되는지 확인한다.	",등록된 공지사항이 정상적으로 표시된다.,,PASS,,
대시보드,,공지사항 이동,1. 목록에서 항목(행) 클릭,해당 항목의 공지사항 상세정보 페이지로 이동,,,,
대시보드,,내작업 캘린더,"1. 로그인한다.
2. 대시보드 > 내작업 캘린더 화면으로 이동한다.
3. 나에게 할당된 작업이 캘린더에 정확하게 표시되는지 확인한다.",나에게 할당된 작업이 정상적으로 표시된다.,,PASS,,
대시보드,,주기 카테고리,"1. 년도, 연간, 월간, 주간, 일간 카테고리를 선택한다.",해당 항목에 맞는 달력이 표시된다.,,,,
대시보드,,"이전, 다음 버튼",1. 좌우 화살표를 선택한다.,"이전, 다음 버튼에 의해 이전 달력과 다음 달력을 보여준다.",,,,
대시보드,,사이트 위치 지도,"1. 로그인한다.
2. 대시보드 > 사이트 위치 지도 화면으로 이동한다.
3. 지도 위에 각각의 사이트의 위치가 정확히 표시되는지 확인한다.",지도 위에 각각의 사이트 위치 정보에 따라 표시된다.,,PASS,,
대시보드,,사이트 이슈,"1. 지도 에서 마커 아이콘을 클릭 
2. 이슈정보 탭 클릭","이슈정보가 표시된다,.",,,,
대시보드,,사이트 점검,"1. 지도 에서 마커 아이콘을 클릭 
2. 점검정보 탭 클릭",점검정보가 표시된다.,,,,
대시보드,,전체화면,1. 지도의 우측 상단의 전체화면 버튼 클릭,지도가 전체화면이 된다.,,,,
대시보드,,스타일 변경,"1. 지도, 위성 버튼 클릭",선택한 스타일에따라 지도가 변경된다.,,,,
대시보드,,지도 확대/축소,"1. 지도에 마우스커서를 올린다.
2. ctrl + 마우스휠을 움직인다.",지도가 확대 축소 된다.,,,,
대시보드,,미해결 이슈 목록,"1. 로그인한다.
2. 대시보드 > 미해결 이슈 목록 화면으로 이동한다.
3. 미해결 이슈 목록이 정확히 표시되는지 확인한다.
4. 미해결 이슈 목록을 검색하여 검색된 결과값이 표시되는지 확인한다.
5. 'download csv' 버튼을 클릭하여 이슈 목록이 다운로드되는지 확인한다.
6. 다운로드 된 파일을 열어 정확하게 데이터가 표시되는지 확인한다.		","미해결 이슈 목록이 정확히 표시되고, 다운로드 버튼 클릭시 해당 데이터가 csv로 다운로드 되어 정상적으로 열린다.",,PASS,,
대시보드,,이슈 이동,1. 목록에서 항목(행) 클릭,해당 항목의 이슈 상세정보 페이지로 이동,,,,
대시보드,,검색,1. 검색어 입력란에 검색어를 입력한다.,검색어로 목록이 필터링 된다.,,,,
대시보드,,툴팁,1. 목록에서 항목의 각각 열에 해당하는 곳에 마우스 커서를 올린다.,해당 정보의 툴팁이 표시된다.,,,,
대시보드,,할일 목록,"1. 로그인한다.
2. 대시보드 > 할일 목록 화면으로 이동한다.
3. 나에게 할당된 작업이 목록에 정확하게 표시되는지 확인한다.			",할당된 작업이 목록에 정확하게 표시된다.,,PASS,,
대시보드,,위젯 위치 조정,"1. 로그인한다.
2. 대시보드 > '편잡'버튼을 클릭한다.
3. 위젯의 오른쪽 또는 아래 테두리를 드래그하여 크기를 변경한다.
4. 변경한 후 '적용'버튼을 클릭한다.
5. 변경된 크기대로 위젯이 정확하게 수정되는지 확인한다.","위젯이 새로운 크기로 변경되고, 변경된 크기가 유지됨",,PASS,,
대시보드,,위젯 위치 조정,"1. 로그인한다.
2. 대시보드 > '편잡'버튼을 클릭한다.
3. 위젯을 마우스로 드래그하여 원하는 위치로 이동한다.
4. 변경한 후 '적용'버튼을 클릭한다.
5.  위젯이 새로운 위치에 정확히 배치되는지 확인한다.","위젯이 새로운 위치로 이동하고, 저장된 위치가 유지됨",,PASS,,
대시보드,,csv 다운로드,"1. 막대 세개 아이콘을 클릭 
2. download csv 버튼 클릭",목록이 csv 파일로 다운로드 된다.,,,,
,,,,,,,,
사이트,TC-004,목록CSV 내보내기,"1. 로그인한다.
2. 사이트 > 사이트 목록 화면으로 이동한다.
3. 메뉴를 열어 csv 다운로드 버튼을 클릭한다.
4. csv 파일이 정상적으로 다운로드 되는지 확인한다.",CSV 파일이 정상적으로 다운로드됨,,PASS,,
사이트,,사이트 상세 CSV 내보내기,"1. 로그인한다.
2. 사이트 > 사이트 목록에서 테스트 사이트를 눌러 상세 화면으로 이동한다.
3. 메뉴를 열어 csv 다운로드 버튼을 클릭한다.
4. csv 파일이 정상적으로 다운로드 되는지 확인한다.",CSV 파일이 정상적으로 다운로드됨,,PASS,,
사이트,TC-005,사이트 상세 Word 내보내기,"1. 로그인한다.
2. 사이트 > 사이트 목록에서 테스트 사이트 상세 화면으로 이동한다.
3. 메뉴를 열어 word 다운로드 버튼을 클릭한다.
4. word 파일이 정상적으로 다운로드 되는지 확인한다.",Word 파일이 정상적으로 다운로드됨,,PASS,,
사이트,TC-006,사이트 목록 표시,"1. 로그인한다.
2. 사이트 > 사이트 목록 화면으로 이동한다.
3. 등록된 모든 사이트가 리스트에 정확히 표시되는지 확인한다.",사이트 목록이 올바르게 표시됨,,PASS,,
사이트필터링,,사이트코드/사이트이름 필터링,"1. 로그인한다.
2. 사이트 > 메뉴에서 사이트 상태 필터링 버튼을 클릭하여 값을 입력한다.
3. 필터에 사이트코드를 입력하고 검색 버튼을 클릭한다.
4. 필터링 값에 따라 결과값이 정확하게 표시되는지 사이트 목록을 확인한다.","사이트코드 또는 사이트이름에 해당하는 필터 값을 입력했을 때, 해당 필터에 맞는 결과만 표시됨.",,PASS,,
사이트필터링,,사이트 상태 필터링,"1. 로그인한다.
2. 사이트 > 메뉴에서 사이트 상태 필터링 버튼을 클릭하여 값을 입력한다.
3. 사이트 상태 필터에서 “정상”을 선택하고 검색 버튼을 클릭한다.
4. 필터링 값에 따라 결과값이 정확하게 표시되는지 사이트 목록을 확인한다.","사용자가 선택한 사이트 상태에 맞는 사이트 목록만 표시됨 (예: 정상, 오류, 유지보수 등).",,PASS,,
사이트필터링,,소유주 이름 필터링,"1. 로그인한다.
2. 사이트 > 메뉴에서 사이트 이름 필터링 버튼을 클릭하여 값을 입력한다.
3. 소유주 이름 필터에 “부산정관에너지”를 입력하고 검색 버튼을 클릭한다.
4. 필터링 값에 따라 결과값이 정확하게 표시되는지 사이트 목록을 확인한다.",소유주 이름을 입력하면 해당 소유주가 소유한 사이트만 필터링되어 표시됨.,,PASS,,
사이트필터링,,사이트 구축일자 필터링,"1. 로그인한다.
2. 사이트 > 메뉴에서 사이트 구축일자 필터링 버튼을 클릭하여 값을 입력한다.
3.사이트 구축일자 필터에서 “2022-01-01”에서 “2023-12-31” 범위를 선택하고 검색 버튼을 클릭한다.
4. 필터링 값에 따라 결과값이 정확하게 표시되는지 사이트 목록을 확인한다.",시작일과 종료일을 입력하면 해당 범위에 맞는 사이트가 필터링되어 표시됨.,,PASS,,
사이트필터링,,배터리 용량 필터링 ,"1. 로그인한다.
2. 사이트 > 메뉴에서 배터리용량 필터링 버튼을 클릭하여 값을 입력한다.
3.배터리 용량 필터에서 값을 ""0"" ~ ""10""까지로 지정하고 검색 버튼을 클릭한다.
4. 필터링 값에 따라 결과값이 정확하게 표시되는지 사이트 목록을 확인한다.",배터리 용량 범위를 설정하면 해당 범위 내 배터리 용량을 가진 사이트만 표시됨.,,PASS,,
사이트필터링,,PCS 용량 필터링,"1. 로그인한다.
2. 사이트 > 메뉴에서 PCS용량 필터링 버튼을 클릭하여 값을 입력한다.
3.PCS 용량 필터에서 값을 ""0"" ~ ""10""까지로 지정하고 검색 버튼을 클릭한다.
4. 필터링 값에 따라 결과값이 정확하게 표시되는지 사이트 목록을 확인한다.",PCS 용량 범위를 설정하면 해당 범위 내 PCS 용량을 가진 사이트만 표시됨.,,PASS,,
사이트필터링,TC-007,사이트 검색,"1. 로그인한다.
2. 사이트 > 메뉴에서 사이트 검색 버튼을 클릭하여 값을 입력한다.
3. 검색창에 사이트 이름을 입력한다.
4. 필터링 값에 따라 결과값이 정확하게 표시되는지 사이트 목록을 확인한다.",검색어에 맞는 사이트만 리스트에 표시됨,,PASS,,
사이트,TC-008,신규 사이트 등록,"1. '신규 사이트 등록' 버튼 클릭
2. 사이트 등록 폼에 필수 정보 입력 (사이트 이름, 주소 등)
3. '등록' 버튼 클릭
4. 사이트 목록에서 등록한 사이트가 표시되는지 확인",새로운 사이트가 리스트에 추가됨,404오류 발생,PASS,404,
,,,,,,,,
사이트 상세,TC-009,도면 폴더구조,"1. 로그인한다. 
2. 사이트 목록에서 특정 사이트를 클릭하여 상세 페이지로 이동한다. 
3. 도면 영역의 폴더 구조가 트리 형식으로 표현되는지 확인",폴더/파일이 계층 구조로 정리되어 표시됨,,PASS,,
사이트 상세,TC-010,도면 업로드,"1. 로그인한다. 
2. 특정 사이트의 상세 페이지에서 '도면' 탭을 클릭한다. 
3. '파일 업로드' 클릭. 
4. 도면 파일 선택 후 업로드. 5. 리스트에 추가된 파일 확인",파일이 업로드되고 리스트에 추가됨,,PASS,,
사이트 상세,,도면 폴더 생성 후 업로드,"1. 로그인한다. 
2. 특정 사이트 상세 페이지에서 '도면' 탭 클릭. 
3. '새 폴더' 클릭 후 이름 입력. 
4. 폴더 선택 후 파일 업로드. 
5. 업로드된 파일이 해당 폴더에 있는지 확인","폴더가 생성되고, 폴더 안에 파일이 업로드됨 ",,PASS,,
사이트 상세,TC-011,도면 다운로드,"1. 로그인한다. 
2. 도면 탭에서 도면 파일 선택. 
3. '다운로드' 클릭. 
4. 개별 파일은 바로 다운로드되고, 폴더 선택 시 zip으로 다운로드되는지 확인",선택한 파일이 정상적으로 다운로드됨,"개별 파일로 다운로드됨, 폴더 다운로드시 zip으로 다운로드 불가함",PASS,zip 다운 기능 없음,
사이트 상세,,도면 파일 썸네일 미리보기,"1. 로그인한다.  
2. 사이트 목록에서 특정사이트를 클릭하여 상세페이지로 이동한다.
3. 도면 부분으로 이동.  
4. 썸네일 아이콘이 표시되는지 확인.  
5. 썸네일 미리보기 기능 동작 확인  ",다이얼로그가 뜨면서 썸네일이 표시됨,썸네일 기능이 없음,PASS,기능없음,
사이트 상세,TC-011,폴더 내 도면 전체 다운로드,"1. 로그인한다.  
2. 사이트 목록에서 특정사이트를 클릭하여 상세페이지로 이동한다.
3. 도면 부분으로 이동하여 폴더 선택 후 '전체 다운로드' 클릭.  
4. zip 파일로 다운로드되는지 확인  ",선택한 폴더의 모든 파일이 정상적으로 다운로드 됨,"개별 파일로 다운로드됨, 폴더 다운로드시 zip으로 다운로드 불가함",PASS,zip 다운 기능 없음,
사이트 상세,TC-012,사이트 상세정보,"1. 로그인한다.  
2. 사이트 목록에서 특정 사이트 클릭하여 상세 페이지로 이동.  
3. 사이트명, 주소, 소유주 정보 확인","사이트 이름, 위치 등 세부 정보가 정확하게 표시됨",,PASS,,
사이트 상세,TC-013,사이트 제품 목록,"1. 로그인한다.  
2. 사이트 목록에서 특정 사이트 클릭하여 상세 페이지로 이동.  
3. 사이트 상세 페이지에서 '사이트 제품' 부분으로 이동.  
4. 제품 리스트가 정확히 표시되는지 확인  ",등록된 제품 정보가 올바르게 표시됨,,,,
사이트 상세,,사이트 제품 등록,"1. 로그인한다.  
2. 사이트 목록에서 특정 사이트 클릭하여 상세 페이지로 이동.  
3. 사이트 상세 페이지의 '제품' 부분에서 '제품 등록' 클릭.  
4. 정보 입력 후 '등록' 클릭.  
5. 리스트에 반영되는지 확인  ",사이트에 제품이 정상적으로 등록되어 리스트에 표시됨,500에러 발생,PASS,500,
사이트 상세,TC-014,비상 연락망,"1. 로그인한다.  
2. 사이트 목록에서 특정 사이트 클릭하여 상세 페이지로 이동.  
3. 사이트 상세 페이지에서 '비상 연락망' 위치로 이동  
4. 연락처 리스트가 정상적으로 표시되는지 확인 ",연락처 정보가 올바르게 표시됨,,PASS,,
사이트 상세,,비상연락망 등록,"1. 로그인한다.  
2. 사이트 목록에서 특정 사이트 클릭하여 상세 페이지로 이동.  
3. 비상 연락망 위치에서 상단의 '등록' 클릭.  
4. 필수 정보 입력 후 '저장'.  
5. 리스트 반영 확인  ","새로운 비상연락망 정보가 정상적으로 저장되고, 리스트에 해당 정보가 표시된다.",,PASS,,
사이트 상세,,비상연락망 등록(필수 항목 미입력),"1. 로그인한다.  
2. 사이트 목록에서 특정 사이트 클릭하여 상세 페이지로 이동.  
2. 비상 연락망 등록 시 일부 항목 미입력 후 '저장' 클릭.  
3. 유효성 검사 메시지 확인  ","필수 항목 미입력에 대해 에러 메시지가 표시되며, 비상연락망이 등록되지 않는다.",,PASS,,
사이트 상세,,비상연락망 수정,"
1. 로그인한다.  
2. 비상 연락망 리스트에서 수정 클릭.  
3. 정보 수정 후 저장.  
4. 반영 확인 ","수정된 비상연락망 정보가 정상적으로 저장되고, 리스트에 변경된 정보가 표시된다.",,PASS,,
사이트 상세,,비상연락망 수정(잘못된 입력),"1. 로그인한다.  
2. 비상 연락망 수정 시 잘못된 형식 입력 후 저장.  
3. 에러 메시지 확인","잘못된 형식에 대해 에러 메시지가 표시되고, 수정이 저장되지 않는다.",,PASS,,
사이트 상세,,비상연락망 삭제,"1. 로그인한다.  
2. 비상 연락망 리스트에서 삭제 클릭 후 확인.  
3. 리스트에서 제거 확인 ",해당 비상연락망 정보가 리스트에서 삭제된다.,,PASS,,
사이트 상세,,비상연락망 삭제(삭제 취소),"1. 로그인한다.  
2. 삭제 클릭 후 취소 선택.  
3. 데이터가 유지되는지 확인  
",비상연락망 정보가 삭제되지 않고 리스트에 그대로 남아 있다.,,PASS,,
사이트 상세,TC-015,사이트 엔지니어,"1. 로그인한다.  
2. 사이트 상세 페이지에서 '엔지니어' 탭 클릭.  
3. 엔지니어 리스트가 정상적으로 표시되는지 확인  ",엔지니어 목록이 정확하게 표시됨,,PASS,,
사이트 상세,,사이트 엔지니어 등록,"1. 로그인한다.  
2. 엔지니어 탭에서 '등록' 클릭.  
3. 필수 정보 입력 후 저장.  
4. 리스트 반영 확인  ","새로운 사이트 엔지니어 정보가 정상적으로 저장되고, 엔지니어 리스트에 해당 정보가 표시된다.",,PASS,,
사이트 상세,,사이트 엔지니어 등록(필수 항목 미입력),"1. 로그인한다.  
2. 엔지니어 등록 시 일부 항목 미입력 상태에서 저장 클릭.  
3. 경고 메시지 확인  ","필수 항목 미입력에 대해 에러 메시지가 표시되며, 엔지니어가 등록되지 않는다.",,PASS,,
사이트 상세,,사이트 엔지니어 수정,"1. 로그인한다.  
2. 엔지니어 리스트에서 수정 클릭.  
3. 정보 수정 후 저장.  
4. 반영 확인","수정된 엔지니어 정보가 정상적으로 저장되고, 리스트에 변경된 정보가 표시된다.",,PASS,,
사이트 상세,,사이트 엔지니어 삭제,"1. 로그인한다.  
2. 엔지니어 리스트에서 삭제 클릭 후 확인.  
3. 리스트에서 제거 확인 ",해당 엔지니어 정보가 리스트에서 삭제된다.,,PASS,,
사이트 상세,,사이트 엔지니어 삭제(삭제 취소),"1. 로그인한다.  
2. 삭제 클릭 후 취소 선택.  
3. 항목이 유지되는지 확인  ",엔지니어 정보가 삭제되지 않고 리스트에 그대로 남아 있다.,,PASS,,
사이트 상세,TC-016,할당된 점검 목록,"1. 로그인한다.  
2. 사이트 상세 페이지에서 '점검 목록' 탭 클릭.  
3. 리스트가 정상 표시되는지 확인  ",점검 목록이 올바르게 표시됨,,PASS,,
사이트 상세,TC-017,할당된 이슈 목록,"1. 로그인한다.  
2. 사이트 상세 페이지에서 '이슈 목록' 탭 클릭.  
3. 리스트가 정상 표시되는지 확인  ",이슈 목록이 올바르게 표시됨,,PASS,,
사이트 상세,,상태 변경,"1. 로그인한다.  
2. 사이트 상세 페이지에서 '상태 변경' 버튼 클릭.  
3. 상태 선택 후 '확인' 클릭.  
4. 상태가 업데이트되는지 확인  ",변경된 상태가 반영되고 UI에서 업데이트됨,,PASS,,
사이트 상세,,사이트 정보 수정,"1. 로그인한다.  
2. 사이트 상세 페이지에서 '사이트 정보 수정' 클릭.  
3. 소유주 선택 후 저장.  
4. 정보가 반영되는지 확인  ",사이트의 상세 정보가 업데이트 됨,,PASS,,
,,,,,,,,
이슈,TC-018,이슈 목록 표시,"1. 로그인한다.
2. 이슈 목록 페이지로 이동한다.
3. 전체 이슈가 리스트에 표시되는지 확인한다.
",이슈 목록이 올바르게 표시됨,,PASS,,
이슈,TC-019,이슈 검색,"1. 로그인한다.
2. 이슈 목록 페이지로 이동한다.
3. 검색어를 입력하고 결과를 확인한다.
4. 입력한 키워드에 해당하는 이슈만 표현되는지 확인한다.",검색어에 맞는 이슈만 리스트에 표시됨,,PASS,,
이슈필터링,,사이트코드/사이트이름 필터링,"1. 로그인한다.
2. 이슈 목록 페이지로 이동한다.
3. 사이트코드 또는 이름에 'SR01' 입력 후 검색.",필터 값에 해당하는 이슈만 리스트에 표시됨,,PASS,,
이슈필터링,,이슈 상태 필터링,"1. 로그인한다.
2. 이슈 목록 페이지로 이동한다.
3. 상태 필터에서 '해결' 선택 후 검색.s
4. 상태가 '해결'인 이슈만 표시되는지 확인한다.",'해결' 상태에 해당하는 이슈만 리스트에 표시됨,,PASS,,
이슈필터링,,운영조직 이름 필터링,"1. 로그인한다.
2. 이슈 목록 페이지로 이동한다.
3. 필터에 '부산정관에너지' 입력 후 검색.
4. 관련 사이트의 이슈만 표시되는지 확인한다.",해당 조직이 소유한 사이트만 리스트에 표시됨,,PASS,,
이슈필터링,,이슈 생성날짜/ 해결일자일자 필터링,"1. 로그인한다.
2. 이슈 목록 페이지로 이동한다.
3. 날짜 범위를 설정 후 검색.
4. 해당 기간의 이슈만 표시되는지 확인한다.",날짜 범위에 해당하는 이슈만 리스트에 표시됨,,PASS,,
이슈필터링,,이슈 삭제,"1. 로그인한다.
2. 이슈 목록 페이지로 이동한다.
3. 이슈 선택 후 삭제 버튼 클릭.",선택한 이슈가 목록에서 삭제됨,,PASS,,
,,,,,,,,
이슈,TC-030,새로운 이슈 생성,"1. 로그인한다.
2. 이슈 생성 버튼을 클릭한다.
3. 필수 정보를 입력하고 저장한다.
4. 생성된 이슈가 목록에 추가되었는지 확인한다.",새 이슈가 목록에 추가됨,,PASS,,
이슈상세,TC-031,유사 장애 사례 표시,"1. 로그인한다.
2. 특정 이슈 상세페이지로 이동한다.
3. 유사 장애 사례 테이블을 확인한다.",관련 장애 사례가 올바르게 표시됨,,PASS,,
이슈상세,TC-032,사이트 점검 정보 표시,"1. 로그인한다. 
2. 이슈 상세페이지로 이동한다.
3. 점검 정보 테이블을 확인한다.",점검 목록이 올바르게 표시됨,,PASS,,
이슈상세,TC-033,PDF 링크 열기,"1. 로그인한다.
2. 이슈 상세 페이지로 이동한다.
3. 참조 링크를 클릭한다.
4. 새 탭에서 pdf가 정상적으로 열리는지 확인한다.",PDF 파일이 새로운 탭에서 정상적으로 열림,,PASS,,
이슈상세,TC-034,첨부파일 업로드,"1. 시스템에 로그인한다.
2. 이슈 상세 페이지로 이동한다.
3. 첨부파일 추가 버튼을 클릭한다.
4. 파일을 선택하여 업로드한다.
5. 업로드된 파일이 리스트에 표시되는지 확인한다.",첨부파일이 정상적으로 업로드됨,,,,
이슈상세,TC-035,첨부파일 다운로드,"1. 시스템에 로그인한다.
2. 이슈 상세 페이지로 이동한다.
3. 업로드된 파일 항목에서 다운로드 버튼을 클릭한다.
4. 파일이 정상적으로 다운로드되는지 확인한다.",첨부파일이 정상적으로 다운로드됨,,,,
이슈상세,TC-036,상태 변경,"1. 시스템에 로그인한다.
2. 이슈 상세 페이지로 이동한다.
3. 상태 변경 버튼을 클릭한다.
4. 새로운 상태를 선택하고 저장한다.
5. 상태가 변경되었는지 확인한다.",변경된 상태가 반영되고 UI에서 업데이트됨,,PASS,,
이슈상세,TC-037,이슈 히스토리 기록,"1. 시스템에 로그인한다.
2. 이슈 상세 페이지로 이동한다.
3. 상태나 제목 등을 변경한다.
4. 히스토리 탭을 열어 변경 내역이 기록되었는지 확인한다.",변경된 내역이 히스토리에 남아 있음,,PASS,,
이슈상세,,이슈 제목 수정,"1. 시스템에 로그인한다.
2. 이슈 상세 페이지로 이동한다.
3. 제목 수정 버튼을 클릭한다.
4. 제목을 수정하고 저장한다.
5. 수정된 제목이 화면에 반영되는지 확인한다.",수정한 이슈 제목이 정상적으로 반영됨,,PASS,,
이슈상세,,이슈 비용 추가,"1. 시스템에 로그인한다.
2. 이슈 상세 페이지로 이동한다.
3. 품질비용 입력란에 값을 입력하고 저장 버튼을 클릭한다.
4. 입력한 비용이 화면에 반영되는지 확인한다.",입력된 품질비용이 이슈 상세 페이지에 업데이트됨,,PASS,,
이슈상세,,이슈 비용 삭제,"1. 시스템에 로그인한다.
2. 이슈 상세 페이지로 이동한다.
3. 기존에 입력한 비용 항목 옆 삭제 버튼을 클릭한다.
4. 저장 버튼을 클릭하여 반영한다.
5. 해당 비용이 삭제되었는지 확인한다.","선택한 비용이 삭제되었는지 확인하고, 해당 내용이 상세페이지에 업데이트됨",,PASS,,
이슈,,목록CSV 내보내기,"1. 시스템에 로그인한다.
2. 이슈 목록 화면으로 이동한다.
3. CSV 다운로드 버튼을 클릭한다.
4. 파일이 정상적으로 다운로드되는지 확인한다.",CSV 파일이 정상적으로 다운로드됨,,PASS,,
이슈,,이슈 상세 CSV 내보내기,"1. 시스템에 로그인한다.
2. 이슈 상세 페이지로 이동한다.
3. CSV 다운로드 버튼을 클릭한다.
4. 파일이 정상적으로 다운로드되는지 확인한다.",CSV 파일이 정상적으로 다운로드됨,,PASS,,
이슈,,이슈 상세 Word 내보내기,"1. 시스템에 로그인한다.
2. 이슈 상세 페이지로 이동한다.
3. Word 다운로드 버튼을 클릭한다.
4. Word 파일이 정상적으로 다운로드되는지 확인한다.",Word 파일이 정상적으로 다운로드됨,,PASS,,
,,,,,,PASS,,
안전작업허가서 새로작성,,필수 입력칸 검증,"1. 필수 입력값 없이 저장 버튼을 클릭한다. 
2. 필수 입력칸을 하나씩 입력하며 저장 버튼을 클릭한다.","1. 필수 입력값이 누락된 경우 경고 메시지가 표시되어야 한다.
2. 모든 필수 입력값이 입력된 경우 정상적으로 저장되어야 한다.",,PASS,,
안전작업허가서 새로작성,,이전 작업 불러오기 기능,"1. 안전작업 허가서 작성 화면에서 '이전 작업 불러오기' 버튼을 클릭한다. 
2. 이전에 작성한 허가서 목록이 나타나는지 확인한다. 3. 특정 허가서를 선택하여 불러온다.","1. 이전 작업 목록이 정상적으로 표시되어야 한다. 
2. 선택한 허가서의 데이터가 입력 필드에 정상적으로 반영되어야 한다.",,PASS,,
안전작업허가서 새로작성,,안전작업 허가서 목록 불러오기,"1. 안전작업허가서 화면에서 '이전 작업 목록' 에 데이터테이블을 확인한다.
2. 로그인한 사용자가 작성한 목록이 정상적으로 표시되는지 확인한다.","1. 현재 로그인한 사용자가 작성한 안전작업 허가서만 목록에 표시되어야 한다.
2. 목록에는 허가서 제목,상태 등이 올바르게 표시되어야 한다.",,PASS,,
안전작업허가서 새로작성,,첨부파일 등록 기능,"1. 신규 안전작업 허가서를 작성하는 화면을 연다. 
2. 파일 업로드 버튼을 클릭하고 파일을 선택하여 업로드한다. 
3. 업로드 완료 후 목록에 추가되었는지 확인한다.","1. 선택한 파일이 정상적으로 업로드되어야 한다. 
2. 업로드된 파일이 목록에 추가되어야 한다.",,PASS,,
안전작업허가서 새로작성,,업로드된 파일 목록 확인 기능,"1. 안전작업 허가서 상세 화면에서 첨부파일 목록을 확인한다. 
2. 업로드한 모든 파일이 목록에 표시되는지 확인한다.","1. 업로드된 파일이 정상적으로 목록에 표시되어야 한다. 
2. 파일명, 다운로드 버튼 등이 올바르게 표시되어야 한다.",,PASS,,
안전작업허가서 새로작성,,첨부파일 다운로드 기능,"1. 안전작업 허가서 작성 화면 또는 상세 화면에서 첨부파일 목록을 확인한다. 
2. 특정 첨부파일의 다운로드 버튼을 클릭한다. 3. 다운로드한 파일이 정상적으로 열리는지 확인한다.","1. 선택한 파일이 정상적으로 다운로드되어야 한다.
2. 파일이 손상되지 않고 정상적으로 열려야 한다.",,PASS,,
안전작업허가서 새로작성,,안전교육/위험성평가 첨부파일 다운로드 기능,"1. 안전작업 허가서 상세 화면에서 첨부파일 목록을 확인한다.
 2. 특정 첨부파일의 다운로드 버튼을 클릭한다.","1. 파일이 정상적으로 다운로드되어야 한다.  
2. 다운로드된 파일의 내용이 원본과 동일해야 한다.",,PASS,,
안전작업허가서 불러오기,,새로 작성 기능,"1. 안전작업 허가서 페이지로 이동한다. 
2. '새로 작성' 버튼을 클릭한다.","필드값이 비어지고, 새로운 안전작업 허가서를 작성할 수 있게 된다.",,PASS,,
안전작업허가서 불러오기,,필드값 수정 기능,"1. 작성된 허가서를 선택한다.
 2. '작업 업체명' 필드의 값을 수정한다.","""작업 업체명"" 변경시 업체명이 수정된다.",,PASS,,
안전작업허가서 불러오기,,허가검토자 승인 기능,"1. 허가서 검토자의 할당을 확인한다.
 2. 검토자가 승인 버튼을 클릭한다.","할당된 사람에게 버튼이 보이며, 허가서 상태가 수정된다.",,PASS,,
안전작업허가서 불러오기,,허가검토자 반려 기능,"1. 허가서 검토자의 할당을 확인한다. 
2. 검토자가 반려 버튼을 클릭한다.","할당된 사람에게 버튼이 보이며, 허가서 상태가 수정된다.",,PASS,,
안전작업허가서 불러오기,,허가승인자 승인 기능,"1. 허가서 승인자의 할당을 확인한다. 
2. 승인자가 승인 버튼을 클릭한다.","할당된 사람에게 버튼이 보이며, 허가서 상태가 수정된다.",,PASS,,
안전작업허가서 불러오기,,허가승인자 반려 기능,"1. 허가서 승인자의 할당을 확인한다.
2. 승인자가 반려 버튼을 클릭한다.","할당된 사람에게 버튼이 보이며, 허가서 상태가 수정된다.",,PASS,,
안전작업허가서 불러오기,,작업 완료 신청,"1. 작업 완료 신청 시간을 입력한다. 
2. 작업 완료 신청 버튼을 클릭한다","신청 시간 미입력시 오류메세지가 보이며, 유효한 시간 입력시 정상적으로 작업완료 신청이 된다.",,PASS,,
안전작업허가서 불러오기,,연장 신청,"1. 연장 신청 시간을 입력한다. 
2. 연장 신청 버튼을 클릭한다.""","신청시간 미입력시 오류메세지가 보이며, 유효한 시간 입력시 정상적으로 연장신청이 이루어지고 상태가 변경된다.",,,,
안전작업허가서 불러오기,,연장 승인,"1. 연장 신청을 승인할 수 있는 권한이 있는지 확인한다. 
2. 연장 승인 버튼을 클릭한다.",연장이 승인되어 상태가 변경된다,,,,
안전작업허가서 불러오기,,연장 신청 반려,"1. 연장 신청을 반려할 수 있는 권한이 있는지 확인한다. 
2. 연장 반려 버튼을 클릭한다.",연장이 반려되어 상태가 변경된다.,,PASS,,
안전작업허가서 신청서 관리,,허가서 목록 조회,"1. 안전작업 허가서 목록 페이지로 이동한다. 
2. 허가서 목록을 조회한다.",허가서 목록이 올바르게 표시됨,,PASS,,
안전작업허가서 신청서 관리,,작업감독자 필터링,"1. 작업감독자 필터에서 '엔지니어'를 선택한다. 
2. 검색 버튼을 클릭한다.",사용자가 선택한 작업감독자가 작성한 허가서가 조회된다.,,PASS,,
안전작업허가서 신청서 관리,,안전점검허가서 상태 필터링,"1. 허가서 상태 필터에서 원하는 상태를 선택한다. 
2. 검색 버튼을 클릭한다.",사용자가 선택한 상태에 따라 허가서가 조회된다.,,,,
,,,,,,,,
점검,TC-038,점검 목록 표시,"1. 상단 네비게이션에서 점검 메뉴 클릭 
2. 또는 점검페이지의 사이드 메뉴에서 점검 목록 항목 클릭",점검 목록이 올바르게 표시됨,,PASS,,
점검,,점검 생성,"1. 점검 페이지에서 사이드 메뉴에서 점검 추가 버튼 클릭 
2. 필수정보 입력 
3. 점검 내용 추가후 정보 입력 (필요한 경우 비용 추가)
4. 추가버튼 클릭",생성한 점검이 목록에 추가됨,,,,
점검,,점검 스케줄 생성,"1. 점검 페이지에서 사이드 메뉴에서 점검 추가 버튼 클릭 
2. 필수정보 입력 
3. 되풀이 설정 체크 (기본값: 체크 되어있음, 점검 주기가 수시 일떄 제외 ) 
4. 반복종료일시 입력 
5. 미리알림 시간 설정 
6. 중요도 설정  
7. 점검 내용 추가후 정보 입력 (필요한 경우 비용 추가)
8. 추가버튼 클릭",되풀이설정으로 설정한 기간내에서 주기별로 점검이 추가됨,,,,
점검,,"비용, 점검 항목 추가","1. 점검 생성 진행 (또는 점검 목록에서 점검 수정 아이콘 클릭)
2. 비용 혹은 점검 항목 추가 버튼 클릭 
3. 추가된 항목에 대한 정보 입력 
4. 점검 수정으로 비용, 점검 항목을 추가하는경우 편집 버튼 클릭",항목이 추가된다 히스토리에 이력이 남는다.,,,,
점검,,"비용, 점검 항목 제거","1. 점검 생성 진행 (또는 점검 목록에서 점검 수정 아이콘 클릭)
2. 비용 항목의 우측에 삭제 아이콘 클릭",항목이 제거 된다. 히스토리에 이력이 남는다.,,,,
점검,,수정,"1. 점검 목록에서 수정 아이콘 클릭 (또는 점검 상세정보페이지에서 편집버튼 클릭)
2. 점검 내용 수정 
3. 편집버튼 클릭",점검이 수정된다. 히스토리에 이력이 남는다.,,,,
점검,,삭제,"1. 점검 목록에서 삭제아이콘 클릭 
2. 삭제모달에서 삭제 진행",점검이 제거된다.,,,,
점검,,점검 상세정보,1. 목록에서 항목(행) 클릭,점검 상세정보 페이지로 이동,,,,
점검,,점검 진행,"1. 점검 생성 
2. 작업관리자 할당 
3. 파일첨부 
4. 점검결과 입력 
5. 점검 관리자가 검토여부 체크 
6. 검토요청 버튼 클릭 
7. 승인, 반려 ",,,,,
점검,,작업관리자 할당,"1. 점검 상세정보페이지로 이동 
2. 작업관리자 할당 버튼 클릭 
3. 작업관리자 선택 
4. 필요한 경우 의견 입력 
5. 보내기 버튼 클릭",점검 관리자에 할당한 사용자의 이름이 표시된다.,,,,
점검,,첨부파일 등록,"1. 점검 내용의 작업담당자로 할당되어있는 항목에 파일첨부 버튼 클릭 
2. 파일 추가 
3. 적용버튼 클릭",첨부파일이 추가된다.,,,,
점검,,점검결과 입력,"1. 점검 내용의 작업담당자로 할당되어있는 항목의 상세 열 클릭 
2. 점검결과 입력 
3. 보내기 버튼 클릭","점검일시, 소요시간, 점검 결과, 상세, 특이사항이 표시된다. 점검 관리자에게 검토여부 체크 받을수있다.",,,,
점검,,검토여부 체크,"1. 점검의 항목에 점검 결과가 입력된경우 
2. 해당 항목의 검토여부란이 활성화됨 
3. 항목에 정보를 검토후 검토여부 체크 
4. 필요한 경우 의견입력 
5. 보내기 클릭",검토여부가 표현된다. 검토자에게 검토요청을 보낼 수있다.,,,,
점검,,검토요청,"1. 검토여부까지 작성된경우 검토자에게 검토요청을 보낼수 있음 
2. 검토요청 버튼 클릭 
3. 의견 입력 
4. 보내기 클릭","검토자가 승인, 반려 할 수있다.",,,,
점검,,반려,"1. 반려 버튼 클릭 
2. 의견 입력 
3. 보내기 클릭",점검 결과를 다시 입력한다.,,,,
점검,,승인,"1. 점검 관리자가 검토요청을 보내면 검토자가 승인 할 수있음 
2. 승인 버튼 클릭 
3. 의견입력 
4. 보내기 클릭","점검이 종료된다. (편집 불가, 첨부파일 과 pdf 다운로드 가능)",,,,
점검,TC-039,점검 검색,"1. 점검페이지 에서 사이드 메뉴에서 검색 항목 클릭 
2. 검색어 입력 
3. 검색 버튼 클릭 또는 엔터",검색어에 맞는 점검만 리스트에 표시됨,,PASS,,
점검,,기간 검색,"1. 점검페이지 에서 사이드 메뉴에서 기간 항목 클릭 
2. 기간 입력 
3. 검색 버튼 클릭",기간에 따른 점검만 리스트에 표시됨,,,,
점검,,사이트 검색,"1. 점검페이지 에서 사이드 메뉴에서 사이트 항목 클릭 
2. 사이트 선택
3. 검색 버튼 클릭",선택된 사이트에 대한 점검이 리스트에 표시됨,,,,
점검,,상태 검색,"1. 점검페이지 에서 사이드 메뉴에서 상태 항목 클릭 
2. 상태 선택
3. 검색 버튼 클릭",선택된 상태에 대한 점검이 리스트에 표시됨,,,,
점검,,주기 검색,"1. 점검페이지 에서 사이드 메뉴에서 주기 항목 클릭 
2. 주기 선택
3. 검색 버튼 클릭",선택된 주기에 대한 점검이 리스트에 표시됨,,,,
점검,,csv 내보내기,1. 점검페이지 에서 사이드 메뉴에서 CSV내보내기 항목 클릭 ,점검 목록의 정보가 csv 파일로 다운로드 됨,,,,
점검,,첨부파일 다운로드,"1. 점검 상세정보 페이지로 이동 
2. 점검 항목의 첨부파일의 타이틀을 클릭",첨부파일이 다운로드 된다.,,PASS,,
점검,,첨부파일 전체 다운로드,"1. 점검 상세정보 페이지로 이동 
2. 첨부파일 다운로드 버튼 클릭",점검 항목에 등록되어있는 파일들이 압축파일(zip) 으로 다운로드 된다.,,,,
점검,,내보내기,"1. 점검 상세정보 페이지로 이동 
2. 내보내기 버튼 클릭","pdf파일과, 전체 첨부파일이 압축파일(zip)로 다운로드 된다.",,,,
점검,,PDF 다운로드,"1.점검 상세정보 페이지로 이동 
2. PDF 다운로드 버튼 클릭 ",pdf 형식의 파일이 다운로드됨,,PASS,,
점검,,점검 이력 기록,"점검이 생성, 수정, 점검 진행 한다.",해당 활동들이 점검 이력에 기록됨,,PASS,,
,,,,,,,,
보고서,,,,,,,,
보고서,TC-040,보고서 목록 표시,"1. 상단 네비게이션의 보고서 메뉴 클릭 
2. 또는 보고서 페이지에서 좌측 사이드 메뉴에서 보고서 목록 항목 클릭",보고서 목록이 올바르게 표시됨,,PASS,,
보고서,TC-041,보고서 다운로드,"1. 보고서 목록으로 이동 
2. 다운로드 하고자하는 항목 우측의 다운로드 버튼 클릭",Word 파일이 정상적으로 다운로드됨,,PASS,,
,,보고서 생성,"1. 좌측의 사이드 메뉴에서 보고서 작성 항목 클릭 
2. 보고서 양식 선택 
3. 작성 버튼 클릭 
4. 필수정보(*) 입력 
5. 추가정보 입력 
6. 보고서에 추가할 항목 선택 
7. 추가 버튼 클릭",보고서 목록에 보고서가 추가된다.,,,,
보고서,,보고서 삭제,"1. 보고서 목록으로 이동 클릭 
2. 삭제버튼 클릭 
3. 삭제 모달에서 삭제 진행",선택한 보고서가 목록에서 삭제됨,,PASS,,
보고서,,필수값 미입력,"1. 보고서 생성 시 필수값을 입력하지 않고 생성, 수정",오류 메시지가 표시되며 저장되지 않음,,PASS,,
보고서,,보고서 수정,"1. 보고서 목록 에서 수정 아이콘 클릭 
2. 정보 수정
3. 편집버튼 클릭",수정한 값이 저장되고 보고서에 반영됨,,PASS,,
보고서,,보고서 양식 목록 표시,1. 보고서 페이지에서 좌측 사이드 메뉴에서 보고서 양식 목록 항목 클릭 ,양식 목록이 화면에 정상적으로 표시됨,,PASS,,
보고서,,보고서 양식 삭제,"1. 보고서 양식 목록으로 이동 클릭 
2. 삭제버튼 클릭 
3. 삭제 모달에서 삭제 진행",선택한 양식이 목록에서 삭제됨,,PASS,,
보고서,,보고서 양식목록에서 보고서 생성,"1. 보고서 양식 목록으로 이동
2. 목록에서 항목(행) 클릭",보고서 생성 페이지로 이동,,,,
보고서,,실행 취소,"1. 생성, 삭제 동작 진행
2. 닫기/취소 클릭","생성,삭제 동작이 취소된다.",,,,
,,,,,,,,
가이드,,가이드 목록 표시,1. 상단 네비게이션의 가이드 메뉴를 클릭,가이드 목록이 화면에 정상적으로 표시됨,,PASS,,
가이드,,가이드 상세 표시,가이드 선택,선택한 가이드가 지정된 형식(PDF/Video)으로 표시됨,,PASS,,
가이드,,탭 구분,"장애코드, 제조설비, 사이트, 제조업체, 공통 중 하나의 탭 선택",탭 선택에 따라 해당 구분의 가이드 목록이 정상적으로 표시됨,,PASS,,
가이드,,권한부족,권한이 없는 상태로 가이드 선택,가이드가 할당되어있는 사이트의 권하이 없을경우 권한이 부족하다는 알림창이 뜸,,,,
가이드,,가이드 다운로드,"1.가이드 선택 (pdf) 
2. pdf가 렌더링 된 부분에서 다운로드 아이콘 클릭",가이드가 다운로드 된다.,,,,
가이드,,가이드 전체보기,"1.가이드 선택 (pdf) 
2. pdf가 렌더링 된 부분에서 전체화면 아이콘 클릭",가이드가 전체화면이 된다.,,,,
,,,,,,,,
마이페이지,,,,,,,,
내 작업,,작업 목록 표시,"목록 표시,나에게 할당된 점검, 스케줄, 안전작업 허가서, 이슈가 정상적으로 목록으로 보이는지 확인",할당된 모든 작업 항목이 목록에 정상적으로 표시됨,,PASS,,
내 작업,,페이지 이동,목록 클릭 시 해당하는 상세 페이지로 이동되는지 확인,해당 항목의 상세 페이지로 정상 이동됨,,PASS,,
내 작업,,일정 등록 필수값 미입력,일정 등록 시 필수 값을 입력하지 않았을 때 오류 메시지 확인,필수 입력값 누락 시 오류 메시지 표시,,PASS,,
내 작업,,일정 등록 정상 처리,일정 등록 시 정상적으로 등록되는지 확인,입력한 일정이 정상적으로 등록되어 목록에 표시됨,,PASS,,
,,,,,,,,
내 캘린더,,작업 표시,나에게 할당된 작업이 날짜에 맞추어 캘린더에 표시되는지 확인,작업이 캘린더의 해당 날짜에 표시됨,,PASS,,
내 캘린더,,more 표시,한 날짜에 작업이 3개 이상일 때 'more'로 표시되는지 확인,3개 이상일 경우 'more'로 요약 표시됨,,PASS,,
내 캘린더,,상세보기,캘린더에서 작업 클릭 시 상세보기 가능한지 확인,작업 클릭 시 상세 정보 팝업 또는 페이지로 이동,,PASS,,
,,,,,,,,
내 알람목록,,목록 표시,1. 마이페이지 페이지의 좌측 사이드 메뉴에서 내알람목록 항목 클릭,할당된 알람이 목록에 표시됨,,PASS,,
내 알람목록,,전체 읽음,1. 내알람 목록 페이지에서 전체읽음 버튼 클릭,해당 페이지의 알람이 전체읽음 처리 된다. (각 알람의 우측에 초록색 체크 아이콘으로 변경),,PASS,,
내 알람목록,,알람 상태 필터,"1. 내알람 목록 페이지에서 전체알람. 선택 메뉴를 클릭한다. 
2. 읽은알림 또는 안읽은 알람 을 선택한다. 
3. 또는 전체알람 메뉴를 클릭한다.",선택된 메뉴에의해 필터링 된다.,,PASS,,
내 알람목록,,읽음,1. 해당 항목의 우측에 회색 동그라미 아이콘을. 클릭 ,해당 알람이 읽음 처리가 된다. (알람의 우측에 초록색 체크 아이콘으로 변경),,,,
내 알람목록,,출처 이동,1. 해당 항목의 제목을 클릭한다.,해당 알람의 출처로 페이지가 이동된다.,,,,
,,,,,,,,
관리자 설정 메뉴,,,,,,,,
사용자 관리,,목록,1. 관리자 설정 페이지의 좌측 사이드 메뉴에서 사용자 관리 항목 클릭,사용자 목록이 표시된다.,,PASS,,
사용자 관리,,상세정보,1. 목록에서 항목(행) 클릭,클릭된 사용자의 상세정보 페이지로 이동,,,,
사용자 관리,,사용자 정보 수정,"1. 사용자 상세정보 페이지로 이동
2. 개인정보 수정 버튼 클릭 
3. 정보 수정 
4. 저장하기 클릭",사용자 정보가 수정된다.,,PASS,,
사용자 관리,,사용자 사이트 할당,"1. 사용자 상세정보 페이지로 이동
2. 우측의 할당된 사이트 목록에서 사이트와 역할을 선택
3. 적용버튼 클릭",선택한 사이트에 할당 된다.,,,,
사용자 관리,,사용자 비밀번호 초기화,"1. 사용자 상세정보 페이지로 이동
2. 개인정보 수정 버튼 클릭
3. 비밀번호 초기화 버튼 클릭","비밀번호가 초기화 되며, 해당 유저의 이메일로 비밀번호 재설정 링크가 전송된다.",,,,
사용자 관리,,사용자 권한 변경,"1. 사용자 상세정보 페이지로 이동
2. 개인정보 수정 버튼 클릭
3. 시스템 권한 에서 부여하고자 하는 권한 선택",사용자의 권한이 설정됨,,,,
사용자 관리,,검색,1. 사용자 목록에서. 검색칸에 검색어 입력 (이름) ,검색어로 목록이 필터링 된다.,,,,
사용자 관리,,이메일 인증,"1. 사용자 상세정보 페이지로 이동
2. 개인정보 수정 버튼 클릭
3. 인증하기 버튼 클릭",이메일이 인증된다.,,,,
사용자 관리,,실행 취소,"1. 사용자 정보 수정 진행
2. 닫기/취소 클릭",수정 동작이 취소된다.,,,,
,,,,,,,,
장애코드 관리,,목록 표시,1. 관리자 설정 페이지의 좌측 사이드 메뉴에서 장애코드 관리 항목 클릭,장애코드 목록이 화면에 표시된다,,PASS,,
장애코드 관리,,장애코드 추가,"1. 장애코드 관리 페이지 에서 생성 버튼 클릭 
2. 필수정보(*) 및 추가정보 입력
3. 추가 버튼 클릭",장애코드가 추가된다.,,,,
장애코드 관리,,수정,"1. 가이드 목록에서 수정 아이콘 클릭 
2. 항목 수정 
3. 업데이트 버튼 클릭",장애코드정보가 수정된다.,,PASS,,
장애코드 관리,,삭제,"""1. 장애코드 목록 에서 삭제 아이콘 클릭
2. 삭제 모달에서 삭제 진행""",장애코드가 제거된다.,,,,
장애코드 관리,,실행 취소,"1. 장애코드, 추가, 수정, 삭제,  진행
2. 닫기/취소 클릭",동작이 취소된다.,,,,
장애코드 관리,,메인 고장 코드 추가,"1. 장애코드 관리 페이지 에서 생성 버튼 클릭 
2. 메인 고장코드 추가 버튼 클릭 
3. 필수정보(*) 및 추가정보 입력
4. 추가 버튼 클릭",메인 고장 코드가 정상적으로 추가된다,,PASS,,
장애코드 관리,,서브 고장코드 추가,"1. 장애코드 관리 페이지 에서 생성 버튼 클릭 
2. 서브 고장코드 추가 버튼 클릭 
3. 필수정보(*) 및 추가정보 입력
4. 추가 버튼 클릭",서브 고장코드가 정상적으로 추가된다,,PASS,,
장애코드 관리,,시설/설비 추가,"1. 장애코드 관리 페이지 에서 생성 버튼 클릭 
2. 시설/설비 추가 버튼 클릭 
3. 필수정보(*) 및 추가정보 입력
4. 추가 버튼 클릭",시설/설비가 정상적으로 추가된다,,PASS,,
장애코드 관리,,부품 추가,"1. 장애코드 관리 페이지 에서 생성 버튼 클릭 
2. 부품 추가 버튼 클릭 
3. 필수정보(*) 및 추가정보 입력
4. 추가 버튼 클릭",부품이 정상적으로 추가된다,,PASS,,
,,부품 조회,"1. 장애코드 관리 페이지 에서 부품조회 버튼 클릭 
2.시설/설비 목록에서 항목(행) 선택 
3. 부품목록에서 확인",해당 시설/설비에 부품이 조회된다.,,,,
장애코드 관리,,검색 기능,1. 점검 구분 목록에서. 검색칸에 검색어 입력 (이름) ,"장애코드, 시스템 이름에 따라 검색 결과가 목록에 표시된다",,PASS,,
,,,,,,,,
가이드 관리,,목록 표시,1. 관리자 설정 페이지의 좌측 사이드 메뉴에서 가이드 관리 항목 클릭,가이드 목록이 화면에 표시된다,,PASS,,
가이드 관리,,가이드 추가,"1. 가이드 관리 페이지 에서 가이드 등록 버튼 클릭
2. 필수정보(*) 및 추가정보 입력
3. 필요한 경우 첨부파일 추가 
4. 생성 버튼 클릭",가이드가 추가 된다.,,,,
가이드 관리,,수정,"1. 가이드 목록에서 수정 아이콘 클릭 
2. 항목 수정 
3. 업데이트 버튼 클릭",가이드 정보가 수정된다.,,,,
가이드 관리,,실행 취소,"1. 가이드 추가, 수정, 삭제, 사이트 연결 진행
2. 닫기/취소 클릭","추가, 수정, 삭제, 미리보기, 첨부파일 등록 동작이 취소된다.",,,,
가이드 관리,,삭제,"1. 가이드 목록 에서 삭제 아이콘 클릭
2. 삭제 모달에서 삭제 진행",가이드이 제거된다.,,,,
가이드 관리,,검색 기능,"1. 가이드 목록에서. 검색칸에 검색어 입력 (타이틀, 장애코드) ",검색어에 따라 관련 가이드만 표시된다,,PASS,,
가이드 관리,,필수값 미입력,필수값 미입력 시 오류 반환,필수값이 누락되면 오류 메시지를 표시한다,,PASS,,
가이드 관리,,상세보기,1. 목록에서 항목(행) 클릭,가이드 정보가 표시된다.,,PASS,,
가이드 관리,,사이트 설정,"1. 가이드 상세정보 페이지로 이동 
2. 사이트 항목의 편집 버튼 클릭 
3. 사이트 선택 
4. 확인",가이드가 사이트에 연결된다.,,,,
,,,,,,,,
제품 관리,,목록 표시,1. 관리자 설정 페이지의 좌측 사이드 메뉴에서 제품 관리 항목 클릭,제품 목록이 화면에 표시된다,,PASS,,
제품 관리,,제품 추가,"1. 제품 관리 페이지 에서 생성 버튼 클릭 
2. 필수정보(*) 및 추가정보 입력
3. 필요한 경우 첨부파일 추가 
4. 생성 버튼 클릭",제품이 추가 된다.,,,,
제품 관리,,수정,"1. 제품 목록에서 수정 아이콘 클릭 
2. 항목 수정 
3. 업데이트 버튼 클릭",제품 정보가 수정된다.,,,,
제품 관리,,실행 취소,"1. 제품 추가, 수정, 삭제, 미리보기, 첨부파일등록 진행
2. 닫기/취소 클릭","추가, 수정, 삭제, 미리보기, 첨부파일 등록 동작이 취소된다.",,,,
제품 관리,,삭제,"1. 제품 목록 에서 삭제 아이콘 클릭
2. 삭제 모달에서 삭제 진행",제품이 제거된다.,,,,
제품 관리,,썸네일,1. 제품 목록에서 미리보기 아이콘 클릭 (첨부파일에 이미지가 포함 되어있는경우에 활성화) ,첨부파일의 이미지가 보여진다.,,,,
제품 관리,,필수값 미입력,필수값 미입력 시 오류 반환,필수값이 누락되면 오류 메시지를 표시한다,,PASS,,
제품 관리,,파일 업로드,"1. 제품 상세정보 페이지로 이동 
2. 첨부파일 등록 버튼 클릭 
3.  파일 추가 
4.  적용 클릭",파일이 정상적으로 업로드된다,,PASS,,
제품 관리,,다운로드,"1. 제품 상세정보 페이지로 이동 
2. 첨부파일에 다운로드 버튼 클릭  ",첨부파일이 다운로드 된다.,,,,
제품 관리,,전체 다운로드,"1. 제품 상세정보 페이지로 이동 
2. 첨부파일에서 전체 다운로드 버튼 클릭",첨부파일 전체가 다운로드 된다.,,,,
제품 관리,,예비품 조회,"1. 제품목록 페이지에서 예비품 조회 버튼 클릭 
2. 제품 목록의 항목을 선택 
3. 예비품 목록에서 확인",제품에 관련된 예비품이 표시된다,,PASS,,
제품 관리,,검색 기능,1. 점검 구분 목록에서. 검색칸에 검색어 입력 (이름) ,검색어로 제품목록이 필터링 된다.,,PASS,,
제품 관리,,csv 내보내기,"1. 제품 관리 페이지 일때, 사이드 메뉴에 CSV로 내보내기 항목 클릭",제품데이터가 csv 파일로 다운로드 된다.,,,,
제품 관리,,일괄등록,"1. 제품 관리 페이지 일때, 사이드 메뉴에 제품 일괄등록 항목 클릭 
2. 지정된 폼으로 작성된 파일을 추가 한다.
3. 추가버튼 클릭",제품이 일괄등록 된다.,,,,
,,,,,,,,
예비품 관리,,목록 표시,1. 관리자 설정 페이지의 좌측 사이드 메뉴에서 예비품 관리 항목 클릭,예비품 목록이 화면에 표시된다,,PASS,,
예비품 관리,,예비품 추가,"1. 예비품 관리 페이지 에서 추가 버튼 클릭 
2. 필수정보(*) 및 추가정보 입력
3. 필요한 경우 첨부파일 추가 
4. 생성 버튼 클릭",예비품이 추가 된다.,,,,
예비품 관리,,필수값 미입력,"1. 필수정보(*) 입력란을 빈칸으로 만든다 
2. 업데이트 버튼 클릭",필수값이 누락되면 오류 메시지를 표시한다,,PASS,,
예비품 관리,,수정,"1. 예비품 목록에서 수정 아이콘 클릭 
2. 항목 수정 
3. 업데이트 버튼 클릭",예비품 정보가 수정된다.,,,,
예비품 관리,,실행 취소,"1. 예비품 추가, 수정, 삭제, 입고, 출고, 미리보기, 첨부파일등록 진행
2. 닫기/취소 클릭","점검 구분 관리 페이지로 이동, 생성 및 수정 동작이 취소된다.",,,,
예비품 관리,,삭제,"1. 예비품 목록 에서 삭제 아이콘 클릭
2. 삭제 모달에서 삭제 진행",예비품이 제거된다.,,PASS,,
예비품 관리,,썸네일,1. 예비품 목록에서 미리보기 아이콘 클릭 (첨부파일에 이미지가 포함 되어있는경우에 활성화) ,첨부파일의 이미지가 보여진다.,,PASS,,
예비품 관리,,입고,"1. 예비품 상세정보 페이지로 이동 
2. 입고 버튼 클릭 
3. 정보 입력 
4. 확인 클릭",예비품 입고가 정상적으로 작동한다,,PASS,,
예비품 관리,,출고,"1. 예비품 상세정보 페이지로 이동 
2. 출고 버튼 클릭 
3. 정보 입력 
4. 확인 클릭",예비품 출고가 정상적으로 작동한다,,PASS,,
예비품 관리,,파일 업로드,"1. 예비품 상세정보 페이지로 이동 
2. 첨부파일 등록 버튼 클릭 
3.  파일 추가 
4.  적용 클릭",첨부파일 등록이 정상적으로 작동한다,,PASS,,
예비품 관리,,다운로드,"1. 예비품 상세정보 페이지로 이동 
2. 첨부파일에 다운로드 버튼 클릭  ",모든 파일이 zip으로 정상 다운로드된다,,PASS,,
예비품 관리,,전체 다운로드,"1. 예비품 상세정보 페이지로 이동 
2. 첨부파일에서 전체 다운로드 버튼 클릭",,,,,
예비품 관리,,이력 관리,"1. 예비품 상세정보 페이지로 이동 
2. 예비품 히스토리 확인",예비품 히스토리가 표 형태로 표시된다,,PASS,,
예비품 관리,,수정 오류,수정 시 부품명 누락 오류,부품명 누락 시 오류 메시지를 표시한다,,PASS,,
예비품 관리,,csv 내보내기,"1. 예비품 관리 페이지 일때, 사이드 메뉴에 CSV로 내보내기 항목 클릭",예비품데이터가 csv 파일로 다운로드 된다.,,,,
예비품 관리,,일괄등록,"1. 예비품 관리 페이지 일때, 사이드 메뉴에 예비품 일괄등록 항목 클릭 
2. 지정된 폼으로 작성된 파일을 추가 한다.
3. 추가버튼 클릭",예비품이 일괄등록 된다.,,,,
,,,,,,,,
점검 구분 관리,,목록 표시,1. 관리자 설정 페이지의 좌측 사이드 메뉴에서 점검구분 관리 항목 클릭,점검 구분 목록이 화면에 표시된다,,PASS,,
점검 구분 관리,,추가,"1. 점검구분 목록에서 추가 버튼 클릭 
2. 필수정보(*) 입력 및 추가 정보 입력 
3. 생성 버튼 클릭",점검 구분 항목이 추가된다.,,,,
점검 구분 관리,,수정,"1. 점검구분 목록에서 수정 아이콘 클릭 
2. 항목 수정 
3. 업데이트 버튼 클릭",정보가 수정된다.,,,,
점검 구분 관리,,실행 취소,"1. 점검 구분 추가, 수정, 삭제 진행
2. 닫기/취소 클릭","생성, 수정, 삭제 동작이 취소 된다.",,,,
점검 구분 관리,,필수값 미입력,"1. 필수정보(*) 입력란을 빈칸으로 만든다 
2. 업데이트 버튼 클릭",필수값 누락 시 오류 메시지를 표시한다,,PASS,,
점검 구분 관리,,삭제,"1. 점검구분 목록 에서 삭제 아이콘 클릭
2. 삭제 모달에서 삭제 진행",삭제 시 목록에서 해당 항목이 제거된다,,PASS,,
점검 구분 관리,,검색 기능,1. 점검 구분 목록에서. 검색칸에 검색어 입력 (이름) ,검색한 이름에 해당하는 점검 구분만 표시된다,데이터는 갱신되는거 같은데 테이블이 갱신안됨,fail,,
,,,,,,,,
게시판,,목록 표시,1. 관리자 설정 페이지의 좌측 사이드 메뉴에서 게시판 항목을 클릭,공지사항 목록이 화면에 표시된다,,PASS,,
게시판,,검색,1. 공지사항 목록에서 검색칸에 검색어 입력,입력한 검색어로 목록이 필터링 된다.,,,,
게시판,,공지사항 생성,"1. 공지사항 페이지의 우측 상단의 생성 버튼 클릭 
2. 필수입력 정보 (타이틀, 내용)을 기입 
3. 필요한 경우 첨부파일 추가 
4. 추가 버튼 클릭",공지사항이 생성된다.,,,,
게시판,,조회수,1. 목록에서 항목(행) 클릭,해당 공지사항의 조회수가 증가. 한다.,,PASS,,
게시판,,상세정보,1. 목록에서 항목(행) 클릭,상세정보 페이지로 이동,,,,
게시판,,수정 ,"1., 공지사항 목록에서 수정버튼을 클릭 
2. 항목 수정 
3. 수정버튼 클릭",공지사항을 수정된다.,,PASS,,
게시판,,,"1., 공지사항 목록에서 수정버튼을 클릭 
2. 첨부파일을 추가 한다
3. 수정버튼 클릭",공지사항의 첨부파일을 수정된다,,PASS,,
게시판,,실행 취소,"1. 공지사항을 생성, 수정, 삭제 진행
3. 취소 버튼 클릭","생성, 수정, 삭제 동작 취소된다.",,,,
게시판,,파일 업로드,"1. 공지사항 생성 또는 수정페이지로 이동
2. 첨부파일 등록에서 파일을 추가
3. 공지사항 생성 또는 수정을 진행",첨부파일이 정상적으로 업로드된다,,PASS,,
게시판,,첨부파일 제거,"1. 공지사항 수정 페이지로 이동 
2. 첨부파일의 항목에 마우스이동 
3. x 아이콘 클릭 
4. 수정 버튼 클릭",첨부파일이 제거된다.,,,,
게시판,,삭제 ,"1. 공지사항 목록 에서 삭제 아이콘 클릭
2. 삭제 모달에서 삭제 진행",해당 게시물을 삭제할 수 있다,,PASS,,
게시판,,,"1. 공지사항 상세정보 페이지로 이동
2. 삭제버튼 클릭 
3. 삭제 모달에서 삭제 진행",해당 게시물이 삭제된다.,,,,
게시판,,첨부파일 다운로드,"1. 공지사항 상세정보 페이지로 이동
2. 첨부파일 에서 다운로드 버튼 클릭",첨부파일을 다운로드할 수 있다,,PASS,,
게시판,,첨부파일. 전체다운로드,"1. 공지사항 상세정보 페이지로 이동 
2. 첨부파일에서 전체 다운로드 버튼 클릭",전체 첨부파일이 다운로드 된다.,,,,
게시판,,댓글,"1. 공지사항 상세정보 페이지로 이동
2. 댓글을 입력 
3. 추가 버튼 클릭",댓글아 추가 된다.,,PASS,,
게시판,,좋아요,"1. 공지사항 상세정보 페이지로 이동
2. 공지사항 제목 우측의 하트버튼 클릭 ","아이콘이 회색에서 빨간색으로 변경되며, 좋아요의 카운트가 올라간다.",,PASS,,
,,,,,,,,
알람템플릿,,목록 표시,1. 관리자 설정 페이지의 좌측 사이드 메뉴에서 알람 템플릿 관리 항목 클릭 ,알람템플릿 목록이 표시된다,,PASS,,
알람템플릿,,템플릿 생성,"1. 템플릿 목록 페이지의 우측 상단의 템플릿생성 버튼 클릭 
2. 필수입력 정보입력
3. 추가정보 입력
4. 생성버튼 클릭",알람 템플릿이생성 된다.,,,,
알람템플릿,,삭제 ,"1. 템플릿 목록에서 삭제 아이콘 클릭
2. 삭제 모달에서 삭제 진행",삭제 시 목록에서 제거된다,,PASS,,
알람템플릿,,수정 ,"1. 템플릿 목록에서 삭제 아이콘 클릭
2. 항목을 수정 
3. 업데이트 버튼 클릭",수정 시 수정사항이 반영된다,,PASS,,
알람템플릿,,실행 취소,"1. 템플릿을 생성, 수정, 삭제 진행
2. 취소 버튼 클릭","생성, 수정, 삭제 동작 취소된다.",,,,
,,,,,,,,
접근 권한,,관리자 페이지 접근 권한,시스템 관리자 권한을 가진 사용자만 관리자 페이지에 접근 가능,시스템 관리자 권한을 가진 사용자가 관리자 페이지에 접근 가능하다. 일반 사용자는 접근 불가능하다. ,,PASS,,
세션 관리,,세션관리,일정 시간이 지나면 세션이 만료되어 로그아웃 된다.,일정 시간이 지나면 세션이 만료되어 로그인 화면으로 리다이렉트 된다.,,PASS,,